service,top90_trace_num,top90_cg_num,ms_num,label
Top_1_S_130831269,35624155,5,6,1
Top_2_S_86516878,23577169,2,5,3
Top_4_S_1823467,17050917,21,22,5
Top_8_S_51794709,12272951,8,8,1
Top_7_S_21852643,12263912,14,15,5
Top_11_S_119456620,6607022,11,13,1
S_124848862,3988267,1,2,5
Top_17_S_36816397,3758176,25,8,2
S_157184301,2864292,2,3,5
Top_19_S_14677443,2301808,1,3,2
Top_3_S_32048416,2281911,11,9,2
Top_18_S_19481993,1739378,3,4,2
S_164945114,1731243,1,2,5
S_88923722,1443264,1,2,1
S_148191226,1384518,4,3,5
S_88913115,1258050,1,3,2
S_133213375,1204608,83,18,5
S_157784101,990806,1,2,5
S_24245906,953605,1,2,5
S_5991695,785084,3,7,2
S_54795436,762812,3,4,2
S_139792995,719299,1,2,5
S_42803815,685115,3,4,2
S_100306427,665240,3,8,5
S_35021829,661622,1,2,5
S_45197804,607697,1,2,5
S_60764695,579145,1,2,5
S_136203641,548148,1,2,5
S_23648032,542830,4,5,5
S_32028218,530601,2,3,1
S_151768884,518387,1,2,5
S_151766807,513488,61,31,5
S_79946648,444885,2,3,5
S_163173196,439810,266,31,1
S_18883540,428525,1,3,5
S_121265931,390992,3,3,1
S_103874395,377186,1,2,5
S_23648538,365340,54,3,1
S_31452252,361337,3,3,1
S_66151211,356646,10,12,1
S_83531871,336318,6,7,5
S_162549804,333455,2,3,1
S_150593850,330830,1,2,1
S_91296607,329695,4,4,5
S_149998854,315378,3,3,1
S_35643505,303505,1,2,1
S_89513364,293280,2,4,2
S_145788651,289594,3,3,2
S_61961945,279233,2,3,1
S_39210799,275131,3,3,1
S_39809122,262277,3,3,1
S_155382676,255824,2,3,1
S_100293104,250978,39,61,5
S_35618835,245633,1,2,5
S_69743222,240721,1,2,1
S_94914028,237692,2,3,5
S_103874939,224591,2,3,1
S_60764691,221794,2,3,1
S_125437752,221124,1,2,5
S_65553921,213088,1,2,5
S_112172701,207029,1,3,2
S_163769797,206237,1,3,5
S_94889065,202333,2,3,1
S_157759457,201105,3,3,5
S_47591932,197489,1,2,5
S_130221122,196854,1,2,5
S_132038010,193154,1,2,1
S_39210804,192768,1,2,5
S_164346373,192619,1,3,1
S_51211570,191219,246,247,5
S_157758109,189419,1,2,5
S_143989825,188431,1,2,5
S_16466664,184057,2,5,2
S_158957366,179227,1,2,5
S_55969893,177963,2,3,5
S_7708625,176882,2,3,1
S_115851421,174625,1,2,5
S_143391683,174414,1,2,1
S_32028211,174323,1,2,5
S_98503772,173010,1,2,1
S_136204107,172460,1,2,5
S_13171427,170866,1,2,5
S_85930824,170790,1,4,2
S_20668821,167749,11,3,5
S_82913698,167348,2,3,2
S_126027253,167331,15,15,1
S_102676846,165261,24,14,1
S_88901888,163732,54,3,1
S_38013711,162138,1,2,5
S_161353510,162046,1,2,1
S_69743215,161314,1,2,1
S_125426558,160664,1,3,1
S_65553922,160213,2,3,1
S_91308081,160174,4,6,2
S_45198898,156141,13,14,1
S_5280860,153859,30,31,5
S_17664374,151223,2,3,1
S_14666291,150684,2,3,1
S_121243043,149197,3,5,5
S_88903417,147975,2,5,2
S_110454730,145824,6,4,1
S_161351906,144769,1,2,5
S_29033943,144560,1,2,1
S_82335944,141404,4,7,5
S_20058755,141005,2,3,5
S_84732976,140093,6,12,5
S_151767292,134815,1,3,1
S_47593239,133434,114,3,1
S_80522247,131723,2,5,5
S_97306281,127412,1,4,2
S_56569086,125113,6,3,1
S_25464072,124917,155,17,2
S_75752507,119920,15,8,1
S_132616524,117165,6,9,1
S_146385490,116983,2,3,1
S_78750217,114723,1,2,5
S_102676844,114305,1,2,1
S_42823881,111580,1,3,1
S_112879212,111520,80,3,1
S_55394163,108829,3,4,5
S_73335970,107403,2,3,1
S_32627153,106641,5,9,1
S_2397742,104860,2,3,5
S_92491564,104766,13,3,1
S_114055253,103151,2,4,2
S_14067282,102799,1,2,5
S_149973068,102031,1,2,5
S_120044355,98536,6,3,5
S_69146411,97677,3,4,1
S_45796381,97338,2,3,5
S_152964629,97129,1,2,5
S_27238241,95791,2,3,5
S_100880671,95595,2,3,1
S_10778779,93376,4,3,1
S_114054178,92443,1,2,5
S_155359675,91825,3,4,5
S_87704894,91535,1,2,5
S_144587376,89747,13,3,1
S_138001831,89043,1,2,5
S_600205,88983,2,3,1
S_120643431,88940,6,3,1
S_61363385,88777,2,4,2
S_26042068,86062,3,6,2
S_51785285,84776,2,3,2
S_158957364,84364,1,2,5
S_1798709,83949,1,2,5
S_157783827,83069,1,3,1
S_100882232,81343,3,7,1
S_30828993,79494,1,2,5
S_151767293,78222,5,3,1
S_94890625,78122,12,15,1
S_27242602,77043,1,3,1
S_91296603,76182,1,2,5
S_109282422,75355,2,3,1
S_62561607,75252,4,3,5
S_76929141,75173,4,3,1
S_79344756,74826,2,5,2
S_36241643,73577,2,5,2
S_58367703,72530,7,12,2
S_79943572,70960,25,13,2
S_154958392,70497,1,2,5
S_84709981,69980,39,12,1
S_4792705,69920,1,2,5
S_17664390,69585,138,3,1
S_109859206,68746,3,6,5
S_23648535,68026,6,3,1
S_48190069,67177,31322,7,1
S_60764688,66400,6,3,1
S_161951300,65987,1,3,1
S_95410635,65967,2,3,1
S_62563203,65076,1,3,2
S_115251877,64521,2,3,1
S_81717269,64156,33,4,5
S_129622420,63589,14,3,1
S_101478725,63328,2,3,5
S_72758502,62639,6,10,5
S_77526868,62194,2,3,1
S_48789337,62003,6,3,5
S_1116347,61242,1,3,5
S_44598575,60994,1,2,5
S_71563201,59825,1,3,1
S_90697852,59495,1,2,1
S_133835939,59440,1,3,5
S_124851547,58007,3,3,1
S_8984047,57699,1,2,1
S_108063557,56985,2,3,1
S_4219106,56596,2,4,5
S_19459371,56480,1,2,5
S_2998391,55626,2,3,2
S_3620760,55235,10,3,1
S_105672171,53502,6,10,1
S_95487741,53400,1,3,1
S_100280531,52502,1,2,5
S_51209241,52159,2,4,2
S_91295269,51015,1,2,5
S_61385266,50713,5,8,2
S_152968907,50666,4,7,1
S_61385277,50232,2,5,5
S_112254354,49263,2,3,1
S_83534455,49039,1,3,1
S_119444976,48761,1,2,5
S_160352933,48218,1,2,5
S_16465101,47230,2,3,1
S_41030478,47193,3,3,1
S_10778778,47106,1,3,5
S_72736853,47097,26,3,1
S_137410691,46997,4,8,2
S_74532974,46615,45,3,1
S_93713182,46454,4,5,1
S_36817899,46353,1,3,5
S_22450908,46044,1,3,1
S_130841817,45934,20,4,1
S_91896215,45842,3,7,1
S_12574236,45311,17,3,1
S_44000588,45141,2,3,1
S_29033945,45028,1,4,2
S_27835749,44936,25,3,1
S_55969898,44266,566,3,1
S_12574230,44160,2,3,5
S_125453044,44022,74,75,5
S_161351908,43706,1,3,5
S_4792702,43559,2,3,1
S_149974334,43386,2,3,1
S_111653987,42835,2,3,1
S_109858893,42533,94,4,5
S_94889069,42092,2,3,1
S_29631339,41760,65,3,1
S_76340763,41546,4,4,2
S_51183503,40827,3,5,5
S_20060332,40175,1,2,1
S_22450911,39774,2,3,5
S_133810972,39370,1,2,5
S_120043984,38945,16,17,5
S_53598362,38907,2,4,5
S_59590435,38686,1,2,5
S_2033056,38646,4,6,2
S_118847629,38525,2,3,5
S_113474158,38017,2,4,5
S_76328515,37562,2,4,5
S_137999272,37221,3,9,2
S_26040488,37212,66,3,1
S_7790155,36976,2,3,2
S_70942172,36868,1,3,2
S_95486550,36867,449,4,1
S_9579878,36354,3,5,5
S_76929146,36074,1,2,5
S_166139150,35195,1,3,1
S_104495288,35182,131,10,2
S_150593866,34914,3,5,2
S_94887877,34583,85,3,1
S_155360488,33390,140,3,1
S_142190078,33047,89,4,1
S_76329671,32804,2,3,1
S_103066791,32710,1,3,2
S_7786052,32542,2,3,5
S_90099381,32013,2,3,5
S_50585579,31861,2,3,5
S_156581095,31631,1,4,5
S_12161796,31435,3,4,1
S_116461881,31430,3,4,5
S_84108349,31281,408,4,1
S_99083351,31236,4,8,1
S_34341332,31204,1,2,5
S_119447027,30823,2,3,2
S_124827190,30820,15,3,1
S_25441149,30469,6,3,5
S_6588984,30458,16,3,1
S_10181092,30390,977,3,1
S_160156900,30390,1,2,1
S_92517294,30045,1,3,1
S_85307822,29955,3,3,1
S_69144768,29676,2,3,5
S_152966221,29512,44,10,1
S_147601298,29384,2,4,5
S_129023292,29124,2,3,1
S_141592796,28356,2,5,5
S_112142217,28236,1,2,1
S_49997708,27991,4,6,5
S_164368453,27878,1,3,2
S_148179828,27682,7,3,1
S_36249391,27564,37,8,4
S_45827651,27509,36,8,4
S_149974335,27080,3419,3,1
S_64358886,27055,3,7,1
S_45971995,26978,1,2,1
S_125450992,26830,3,3,1
S_148778151,26699,2,3,1
S_2399272,26481,3,5,2
S_23673104,26246,1,4,2
S_54798401,26112,2,4,2
S_137420872,26067,8,3,1
S_161976152,25915,2,3,5
S_162519946,25891,2,4,2
S_13196522,25877,2,3,5
S_12574355,25812,4,5,2
S_51813504,25768,11,6,4
S_27873012,25446,3,5,2
S_144617605,25195,11,6,4
S_39212373,24615,1,4,5
S_70342828,24535,1,4,5
S_39222314,24512,2,4,5
S_91298219,24462,6,7,1
S_12595448,24296,3,4,5
S_103300193,24092,4,5,1
S_123655229,23936,12,11,2
S_21864530,23856,2518,12,5
S_118876361,23785,11,6,4
S_47623954,23618,11,6,4
S_13405022,23569,1,2,1
S_117079416,23478,11,6,4
S_12595551,23233,180,4,1
S_101507597,23226,11,6,4
S_161982282,23191,11,6,4
S_136801819,23172,5,3,1
S_17693358,23117,11,6,4
S_16493656,22951,11,6,4
S_121841860,22947,2,6,5
S_142811817,22843,13,3,1
S_16495185,22770,11,6,4
S_135038076,22758,11,6,4
S_53009862,22751,11,6,4
S_76359737,22673,11,6,4
S_101509235,22540,11,6,4
S_57797111,22457,13,6,4
S_16494254,22449,11,6,4
S_64984090,22446,11,6,4
S_147610643,22366,11,6,4
S_29662532,22328,12,6,4
S_41035905,22270,11,6,4
S_14067283,22189,6,3,1
S_1230408,22183,11,6,4
S_67980045,22127,11,6,4
S_101480257,22123,5,6,5
S_123057695,22113,10,3,1
S_118278921,22080,11,6,4
S_150593877,22052,10,10,1
S_107494274,22052,11,6,4
S_124261106,22051,11,6,4
S_15265797,21993,1,3,1
S_93091481,21989,1,2,5
S_18294291,21979,11,6,4
S_135635662,21977,11,6,4
S_129054237,21971,11,6,4
S_72765707,21970,11,6,4
S_601773,21953,7,11,1
S_4206035,21912,2,3,5
S_136232660,21911,11,6,4
S_152995795,21883,11,6,4
S_14095426,21870,11,6,4
S_160184389,21864,11,6,4
S_36217075,21820,2,3,1
S_148208823,21793,11,6,4
S_40436730,21761,12,6,4
S_151201213,21752,12,6,4
S_4223782,21713,11,6,4
S_85338734,21701,11,6,4
S_91325946,21699,11,6,4
S_154183306,21687,14,4,1
S_17695180,21678,11,6,4
S_86534445,21668,11,6,4
S_47022856,21651,11,6,4
S_111682655,21631,11,6,4
S_89532014,21629,11,6,4
S_99710251,21628,11,6,4
S_3026932,21596,11,6,4
S_92669529,21586,2,3,5
S_154162954,21501,2,4,2
S_133244680,21495,11,6,4
S_44626890,21472,11,6,4
S_106298273,21439,11,6,4
S_44029869,21439,11,6,4
S_132045596,21421,11,6,4
S_160184563,21408,11,6,4
S_156588766,21407,11,6,4
S_48818842,21406,11,6,4
S_18892455,21404,11,6,4
S_52411493,21388,11,6,4
S_129053295,21377,11,6,4
S_135038081,21342,11,6,4
S_141622259,21342,11,6,4
S_145816602,21333,11,6,4
S_631024,21307,11,6,4
S_160784903,21290,11,6,4
S_48222319,21286,11,6,4
S_129651684,21276,11,6,4
S_124260164,21243,11,6,4
S_149405662,21236,11,6,4
S_109282559,21231,164,4,1
S_149999091,21229,3,4,5
S_1228620,21220,11,6,4
S_88332455,21207,11,6,4
S_99710243,21190,11,6,4
S_38044500,21173,11,6,4
S_41632850,21159,11,6,4
S_99710248,21123,11,6,4
S_94291746,21116,1,2,1
S_45228285,21109,11,6,4
S_138028509,21076,11,6,4
S_141592795,21027,1,3,5
S_18292606,20979,11,6,4
S_17694436,20972,11,6,4
S_127257027,20968,11,6,4
S_46427159,20963,11,6,4
S_6619889,20955,11,6,4
S_151789112,20929,4,4,2
S_53608136,20918,11,6,4
S_57197301,20903,12,6,4
S_59595781,20890,11,6,4
S_64984871,20863,11,6,4
S_84739263,20837,11,6,4
S_126625753,20821,1,3,1
S_87135488,20820,11,6,4
S_90110534,20818,4,5,3
S_96115401,20793,11,6,4
S_88932226,20745,11,6,4
S_76951014,20734,6,3,1
S_139822343,20716,11,6,4
S_128454359,20703,11,6,4
S_151796473,20701,11,6,4
S_160752628,20698,1,3,2
S_94918224,20679,12,6,4
S_113484140,20655,11,6,4
S_48220288,20651,11,6,4
S_163179429,20610,11,6,4
S_86536214,20595,11,6,4
S_131417852,20548,2,3,1
S_98513191,20545,11,6,4
S_84736765,20536,11,6,4
S_149975893,20507,3,7,1
S_52410034,20493,11,6,4
S_120673543,20475,11,6,4
S_20089598,20469,11,6,4
S_94918368,20369,11,6,4
S_96087878,20319,1,3,5
S_116450433,20313,4,4,5
S_2428653,20269,11,6,4
S_82946178,20265,11,6,4
S_165551964,20259,1,2,1
S_103275516,20252,3,3,1
S_64989360,20230,11,6,4
S_146416463,20195,11,6,4
S_146385491,20189,2,3,1
S_109282558,20183,12,3,1
S_39834109,20175,1,4,5
S_152393111,20173,11,6,4
S_103066792,20163,1,3,5
S_90731458,20135,39,8,0
S_6617404,20129,11,6,4
S_103305677,20099,11,6,4
S_129052319,20064,11,6,4
S_141021709,20011,11,6,4
S_27269324,20001,11,6,4
S_71569701,19955,11,6,4
S_71563202,19941,1,3,1
S_5391980,19823,1,2,5
S_133238139,19790,2,4,2
S_29662301,19780,11,6,4
S_100915154,19726,39,8,0
S_78686569,19725,1,3,2
S_103306671,19654,11,6,4
S_4762755,19615,2,4,2
S_54785120,19593,3,5,3
S_143401221,19540,3,5,3
S_166139151,19510,1,3,1
S_20087965,19457,11,6,4
S_148779779,19421,5,6,1
S_124856309,19334,11,6,4
S_44035803,19333,38,8,0
S_161962592,19259,3,5,3
S_123644869,19212,3,5,3
S_17688896,19182,1,3,1
S_158968434,19100,3,5,3
S_160765065,19057,3,5,3
S_79933176,19048,3,5,3
S_106280216,19011,3,5,3
S_130831301,18994,3,5,3
S_109260902,18949,1,3,1
S_147592296,18943,3,5,3
S_152993240,18942,11,6,4
S_17076179,18938,3,5,3
S_5402968,18925,3,5,3
S_115862687,18910,3,5,3
S_163778141,18895,11,6,4
S_123047202,18888,3,5,3
S_63171764,18880,3,5,3
S_87116563,18878,3,5,3
S_102687717,18856,3,5,3
S_38013704,18846,2,3,5
S_103286838,18846,3,5,3
S_149985469,18833,3,5,3
S_63171766,18811,3,5,3
S_44609617,18810,3,5,3
S_11388330,18810,3,5,3
S_34432726,18809,3,5,3
S_146396684,18809,3,5,3
S_148789359,18796,3,5,3
S_154771986,18783,3,5,3
S_94301411,18776,3,5,3
S_14078252,18773,3,5,3
S_45807654,18768,3,5,3
S_96694984,18757,3,5,3
S_160166400,18738,3,5,3
S_45208667,18735,3,5,3
S_103286837,18734,3,5,3
S_143401218,18729,3,5,3
S_25453519,18727,3,5,3
S_19471603,18722,3,5,3
S_63171765,18719,3,5,3
S_55981060,18718,3,5,3
S_8395947,18712,3,5,3
S_88315001,18712,3,5,3
S_124242023,18702,3,5,3
S_159567730,18702,3,5,3
S_105681800,18701,3,5,3
S_69156093,18698,3,5,3
S_67960328,18691,3,5,3
S_90110535,18690,3,5,3
S_154771984,18689,3,5,3
S_92492696,18680,1,3,1
S_69156092,18677,3,5,3
S_72747900,18673,3,5,3
S_133822715,18670,3,5,3
S_67361231,18669,3,5,3
S_153574360,18669,3,5,3
S_141020518,18668,39,8,0
S_118258937,18667,3,5,3
S_152975874,18664,3,5,3
S_33234592,18660,3,5,3
S_4205848,18659,3,5,3
S_14677441,18650,3,5,3
S_27249611,18648,3,5,3
S_52391837,18648,3,5,3
S_153574359,18639,3,5,3
S_91905749,18633,3,5,3
S_10192312,18628,3,5,3
S_146396683,18626,3,5,3
S_23061649,18622,3,5,3
S_50596722,18621,3,5,3
S_114663987,18619,3,5,3
S_18274585,18617,3,5,3
S_28444486,18614,3,5,3
S_103886174,18607,3,5,3
S_159567729,18605,3,5,3
S_63769873,18605,3,5,3
S_35630086,18604,3,5,3
S_66163547,18600,3,5,3
S_11388329,18599,3,5,3
S_157170948,18598,3,5,3
S_78137744,18594,3,5,3
S_6600167,18585,3,5,3
S_149985468,18582,3,5,3
S_163759395,18579,3,5,3
S_156570614,18577,3,5,3
S_87716204,18576,3,5,3
S_75741965,18575,3,5,3
S_24856356,18566,3,5,3
S_108074805,18566,3,5,3
S_148789358,18561,3,5,3
S_18274584,18557,3,5,3
S_48800478,18557,3,5,3
S_34432725,18554,3,5,3
S_152376222,18552,3,5,3
S_108074804,18542,3,5,3
S_144599778,18538,3,5,3
S_139804207,18538,3,5,3
S_24257214,18534,3,5,3
S_136812924,18530,3,5,3
S_112289071,18524,39,8,0
S_103886175,18524,3,5,3
S_165551759,18521,3,5,3
S_90110537,18521,3,5,3
S_88913114,18520,3,5,3
S_164955740,18516,3,5,3
S_9592318,18516,3,5,3
S_107476418,18510,3,5,3
S_10210599,18509,39,8,0
S_44609616,18508,3,5,3
S_155372266,18506,3,5,3
S_1210429,18506,3,5,3
S_105083486,18504,3,5,3
S_117060275,18499,3,5,3
S_29542524,18492,3,4,1
S_55981059,18492,3,5,3
S_90708722,18491,3,5,3
S_149386728,18490,3,5,3
S_120654627,18488,3,5,3
S_104484995,18487,3,5,3
S_130831303,18482,3,5,3
S_48202600,18482,3,5,3
S_48202601,18476,3,5,3
S_5402969,18473,3,5,3
S_134420906,18472,3,5,3
S_163159700,18472,3,5,3
S_26051516,18470,3,5,3
S_114064838,18468,3,5,3
S_96694985,18466,3,5,3
S_14677442,18462,3,5,3
S_100293121,18460,3,5,3
S_58977659,18458,3,5,3
S_87716205,18458,3,5,3
S_124838278,18457,3,5,3
S_86535830,18453,38,8,0
S_148191016,18453,3,5,3
S_95498879,18452,3,5,3
S_25453520,18449,3,5,3
S_60776024,18446,3,5,3
S_118858718,18444,3,5,3
S_43431915,18441,11,6,4
S_96097545,18439,3,5,3
S_149386729,18438,3,5,3
S_24257215,18435,3,5,3
S_143401220,18433,3,5,3
S_69156094,18432,3,5,3
S_65565091,18430,3,5,3
S_6001360,18427,3,5,3
S_110491016,18425,40,8,0
S_90110536,18425,3,5,3
S_119456649,18423,3,5,3
S_52990837,18422,3,5,3
S_1810018,18422,3,5,3
S_142201516,18418,3,5,3
S_106280217,18417,3,5,3
S_121851411,18415,3,5,3
S_35031465,18415,3,5,3
S_145798165,18414,3,5,3
S_108673855,18403,3,5,3
S_115862686,18401,3,5,3
S_155971849,18400,3,5,3
S_142201517,18396,3,5,3
S_140392865,18394,1,3,5
S_58377398,18393,3,5,3
S_73347135,18393,3,5,3
S_139205346,18392,3,5,3
S_85917599,18389,3,5,3
S_81728334,18388,3,5,3
S_163759396,18386,3,5,3
S_123644868,18376,3,5,3
S_20668622,18371,3,5,3
S_126036954,18370,3,5,3
S_51794742,18369,3,5,3
S_6001359,18368,3,5,3
S_63171763,18362,3,5,3
S_116461601,18361,3,5,3
S_27846893,18360,3,5,3
S_50596721,18354,3,5,3
S_83520762,18351,3,5,3
S_124838279,18350,3,5,3
S_21864250,18348,3,5,3
S_9592317,18347,3,5,3
S_121252713,18343,3,5,3
S_79354739,18341,39,8,0
S_72148646,18341,3,5,3
S_58977660,18339,3,5,3
S_86516673,18334,3,5,3
S_91905748,18327,3,5,3
S_165551758,18325,3,5,3
S_58999307,18324,38,8,0
S_158369899,18322,3,5,3
S_132027560,18321,3,5,3
S_84719682,18314,3,5,3
S_130831302,18314,3,5,3
S_93103270,18312,3,5,3
S_67960327,18308,3,5,3
S_109272165,18306,3,5,3
S_17076178,18305,3,5,3
S_150583397,18302,3,5,3
S_112265707,18300,3,5,3
S_66163548,18299,3,5,3
S_79933177,18295,3,5,3
S_112265705,18293,3,5,3
S_127836348,18291,3,5,3
S_113465094,18290,3,5,3
S_143401222,18288,3,5,3
S_60176411,18288,3,5,3
S_10932,18287,3,5,3
S_48800479,18286,3,5,3
S_72148647,18285,3,5,3
S_102089276,18279,3,5,3
S_155372265,18262,3,5,3
S_71549957,18261,3,5,3
S_129034388,18261,3,5,3
S_126036953,18259,3,5,3
S_106280215,18259,3,5,3
S_79334457,18256,3,5,3
S_75141928,18254,3,5,3
S_69752904,18254,3,5,3
S_145798164,18253,3,5,3
S_22462156,18252,3,5,3
S_70951935,18252,3,5,3
S_58377399,18251,3,5,3
S_158968435,18247,3,5,3
S_86516674,18245,3,5,3
S_132027561,18243,3,5,3
S_10931,18240,3,5,3
S_159567728,18239,3,5,3
S_146993962,18235,3,5,3
S_4205847,18235,3,5,3
S_158369898,18227,3,5,3
S_159567727,18217,3,5,3
S_32636745,18216,3,5,3
S_93103271,18201,3,5,3
S_139205347,18198,3,5,3
S_134420905,18197,3,5,3
S_126636877,18188,3,5,3
S_146993964,18186,3,5,3
S_123644870,18180,3,5,3
S_35031464,18179,3,5,3
S_39222114,18172,3,5,3
S_134420907,18172,3,5,3
S_82923383,18170,3,5,3
S_107476419,18165,3,5,3
S_101489682,18156,3,5,3
S_164357474,18138,3,5,3
S_146993963,18127,3,5,3
S_48202599,18121,3,5,3
S_18895285,18116,39,8,0
S_78137745,18113,3,5,3
S_10192311,18104,3,5,3
S_149386727,18100,3,5,3
S_129034387,18098,3,5,3
S_161385541,18097,38,8,0
S_129034386,18095,3,5,3
S_124242022,18093,3,5,3
S_60176410,18092,3,5,3
S_97893114,18085,3,5,3
S_65553923,18083,1,3,1
S_154771985,18076,3,5,3
S_69752903,18072,3,5,3
S_15265799,18052,3,3,1
S_130831300,18035,3,5,3
S_20089431,18027,39,8,0
S_59600417,18023,38,8,0
S_50596720,18022,3,5,3
S_91325572,18021,39,8,0
S_81728333,18021,3,5,3
S_82943844,18016,38,8,0
S_112265706,18002,3,5,3
S_49399043,17994,3,5,3
S_116484208,17987,39,8,0
S_146993965,17987,3,5,3
S_114663986,17978,3,5,3
S_161363314,17977,3,5,3
S_27865994,17962,38,8,0
S_121272141,17944,39,8,0
S_148811407,17936,40,8,0
S_61973237,17916,3,5,3
S_120078159,17904,39,8,0
S_11986891,17904,3,5,3
S_43432126,17898,39,8,0
S_143401219,17896,3,5,3
S_94890618,17894,5,5,5
S_66172409,17891,2,4,5
S_64357255,17885,11,10,2
S_6600166,17882,3,5,3
S_73965434,17874,38,8,0
S_107494932,17858,39,8,0
S_160788946,17852,40,8,0
S_123069940,17852,38,8,0
S_155990920,17838,38,8,0
S_164376213,17833,38,8,0
S_160155310,17822,19,3,5
S_120677325,17803,39,8,0
S_51813176,17792,38,8,0
S_138029319,17784,38,8,0
S_55405177,17779,38,8,0
S_114684863,17761,38,8,0
S_103309665,17720,39,8,0
S_62593546,17719,39,8,0
S_73368673,17709,39,8,0
S_635355,17708,39,8,0
S_147611819,17694,40,8,0
S_140425254,17684,39,8,0
S_57803207,17682,39,8,0
S_38645625,17676,38,8,0
S_39241736,17664,39,8,0
S_58999335,17662,39,8,0
S_14101055,17651,38,8,0
S_102109340,17648,39,8,0
S_122472966,17645,39,8,0
S_42832586,17642,39,8,0
S_57799649,17635,39,8,0
S_136238848,17623,39,8,0
S_145818790,17623,39,8,0
S_81150705,17616,39,8,0
S_127856132,17613,38,8,0
S_91328697,17612,39,8,0
S_85932905,17591,38,8,0
S_149974336,17582,4,3,1
S_62595179,17569,39,8,0
S_68577264,17565,38,8,0
S_144623157,17562,38,8,0
S_149407382,17551,38,8,0
S_114687012,17549,38,8,0
S_47623633,17545,39,8,0
S_31460927,17541,39,8,0
S_143391685,17536,1,2,1
S_53008716,17529,38,8,0
S_47627613,17529,38,8,0
S_21888450,17529,39,8,0
S_12605398,17524,39,8,0
S_124260876,17509,39,8,0
S_138028181,17508,39,8,0
S_137429871,17507,39,8,0
S_92494268,17490,1,2,1
S_112288389,17482,39,8,0
S_157794641,17480,39,8,0
S_147612011,17464,39,8,0
S_69775806,17437,39,8,0
S_104504969,17420,40,8,0
S_136834841,17418,39,8,0
S_47029625,17403,39,8,0
S_110486999,17402,39,8,0
S_138627767,17365,39,8,0
S_63790193,17358,39,8,0
S_2428152,17357,39,8,0
S_85937728,17346,39,8,0
S_124855886,17346,40,8,0
S_77561000,17345,39,8,0
S_38641140,17338,39,8,0
S_9612389,17337,40,8,0
S_85939623,17336,39,8,0
S_141625278,17325,39,8,0
S_33253909,17310,38,8,0
S_115282530,17307,39,8,0
S_99115626,17304,39,8,0
S_150006227,17286,38,8,0
S_24280585,17283,39,8,0
S_141023865,17276,40,8,0
S_155962241,17275,1,2,1
S_34454819,17270,38,8,0
S_45226479,17263,38,8,0
S_131439734,17258,5,11,2
S_78760677,17256,39,8,0
S_103310376,17253,39,8,0
S_70970470,17252,38,8,0
S_81747566,17238,38,8,0
S_26071977,17238,39,8,0
S_148214499,17235,39,8,0
S_96117514,17214,39,8,0
S_149408755,17211,39,8,0
S_64392324,17210,39,8,0
S_122468858,17208,38,8,0
S_27867233,17207,38,8,0
S_26672640,17205,39,8,0
S_140420220,17199,39,8,0
S_87139982,17198,39,8,0
S_71569162,17198,39,8,0
S_106902573,17198,39,8,0
S_633946,17192,38,8,0
S_78156334,17192,39,8,0
S_12608799,17184,39,8,0
S_111689303,17183,39,8,0
S_35648250,17169,38,8,0
S_99113106,17163,38,8,0
S_126056448,17163,38,8,0
S_32658504,17161,38,8,0
S_138619276,17158,4,3,1
S_115282380,17158,39,8,0
S_103305264,17156,38,8,0
S_53613268,17156,38,8,0
S_123665573,17153,39,8,0
S_141022031,17151,39,8,0
S_81747729,17150,39,8,0
S_21287406,17148,38,8,0
S_74567420,17143,38,8,0
S_22484369,17135,39,8,0
S_88337999,17131,39,8,0
S_50018472,17124,39,8,0
S_3630866,17124,39,8,0
S_51815318,17119,38,8,0
S_116482406,17117,39,8,0
S_121271229,17114,38,8,0
S_80551476,17109,40,8,0
S_93121699,17108,39,8,0
S_102112047,17107,39,8,0
S_97913732,17107,38,8,0
S_63792420,17106,38,8,0
S_99712147,17104,40,8,0
S_160185706,17101,38,8,0
S_60794878,17098,39,8,0
S_13202008,17098,38,8,0
S_160784772,17096,39,8,0
S_81152326,17085,39,8,0
S_8416768,17085,39,8,0
S_121873290,17081,39,8,0
S_49421367,17077,39,8,0
S_132645284,17074,39,8,0
S_41039627,17070,39,8,0
S_45227674,17057,38,8,0
S_120078115,17051,38,8,0
S_125456125,17047,38,8,0
S_50618801,17046,38,8,0
S_158990293,17044,39,8,0
S_30259117,17034,40,8,0
S_123069085,17032,39,8,0
S_94323529,17031,38,8,0
S_52415862,17030,38,8,0
S_42235602,17029,38,8,0
S_157789896,17028,38,8,0
S_7819466,17025,38,8,0
S_14699479,17024,39,8,0
S_44032341,17019,38,8,0
S_48221749,17018,39,8,0
S_81747497,17017,39,8,0
S_159590310,17015,38,8,0
S_164976587,17013,39,8,0
S_42833419,17013,39,8,0
S_78754993,17013,39,8,0
S_147014359,17011,38,8,0
S_115286700,17010,39,8,0
S_141621909,17010,39,8,0
S_55401658,17008,39,8,0
S_5416656,17008,39,8,0
S_41638249,17007,39,8,0
S_62596547,16996,38,8,0
S_81750127,16982,38,8,0
S_93723132,16980,39,8,0
S_24878848,16979,38,8,0
S_142824052,16973,39,8,0
S_159585295,16972,38,8,0
S_7219360,16970,39,8,0
S_125457657,16969,38,8,0
S_1234110,16966,38,8,0
S_125461619,16965,39,8,0
S_65587847,16960,39,8,0
S_46425788,16959,40,8,0
S_66784484,16957,39,8,0
S_105105393,16956,39,8,0
S_106899449,16956,39,8,0
S_91927453,16954,38,8,0
S_79357002,16950,37,8,0
S_54205735,16948,39,8,0
S_120069510,16946,39,8,0
S_112286272,16942,38,8,0
S_65586502,16940,38,8,0
S_68578499,16940,39,8,0
S_119475901,16939,38,8,0
S_95517301,16933,39,8,0
S_145816534,16928,38,8,0
S_114684806,16925,39,8,0
S_38642075,16918,39,8,0
S_9611448,16915,39,8,0
S_58399478,16915,39,8,0
S_102708319,16915,40,8,0
S_124261620,16909,38,8,0
S_83543664,16908,39,8,0
S_118880377,16908,39,8,0
S_55401653,16897,38,8,0
S_8418551,16892,39,8,0
S_58996725,16891,38,8,0
S_105705251,16891,39,8,0
S_117683359,16889,38,8,0
S_141023781,16886,39,8,0
S_61397508,16884,39,8,0
S_133245877,16883,38,8,0
S_41633251,16883,38,8,0
S_83544970,16879,39,8,0
S_144618166,16878,38,8,0
S_151799128,16877,39,8,0
S_17698879,16875,39,8,0
S_69772356,16868,40,8,0
S_68577408,16865,39,8,0
S_158389070,16859,38,8,0
S_56000430,16859,38,8,0
S_123664062,16858,39,8,0
S_111687569,16856,38,8,0
S_148211512,16855,40,8,0
S_41037352,16855,38,8,0
S_87734306,16852,39,8,0
S_73969002,16847,39,8,0
S_57800094,16845,38,8,0
S_153596922,16844,39,8,0
S_30264154,16844,39,8,0
S_102709712,16844,39,8,0
S_29662769,16844,39,8,0
S_84738071,16843,39,8,0
S_154792396,16843,39,8,0
S_53011573,16840,39,8,0
S_25472505,16840,38,8,0
S_75766113,16840,39,8,0
S_160184865,16839,38,8,0
S_17696320,16839,39,8,0
S_64392409,16837,38,8,0
S_12606639,16836,40,8,0
S_138031621,16834,38,8,0
S_88935286,16834,39,8,0
S_119474983,16832,39,8,0
S_137433923,16830,38,8,0
S_79356370,16827,39,8,0
S_39844646,16823,39,8,0
S_20691275,16822,38,8,0
S_9016338,16819,39,8,0
S_43432961,16818,39,8,0
S_26673106,16816,40,8,0
S_30262268,16812,40,8,0
S_99713539,16807,39,8,0
S_155995218,16807,39,8,0
S_138627982,16804,39,8,0
S_75764360,16804,37,8,0
S_102107729,16800,39,8,0
S_148213747,16800,38,8,0
S_51220012,16799,39,8,0
S_24276463,16796,38,8,0
S_22484002,16793,39,8,0
S_76362933,16792,38,8,0
S_152995115,16791,39,8,0
S_108692896,16790,39,8,0
S_6622041,16786,39,8,0
S_132045202,16785,39,8,0
S_26640557,16784,124,25,1
S_44630467,16781,38,8,0
S_79953757,16780,39,8,0
S_114078711,16778,38,8,0
S_83543658,16778,38,8,0
S_51217426,16777,39,8,0
S_164378476,16776,38,8,0
S_120073891,16773,39,8,0
S_153594676,16769,38,8,0
S_10213100,16767,38,8,0
S_130254400,16767,39,8,0
S_21286541,16762,38,8,0
S_163778884,16757,39,8,0
S_44033948,16756,38,8,0
S_44031027,16754,38,8,0
S_22482938,16754,39,8,0
S_110490464,16753,38,8,0
S_107496113,16752,39,8,0
S_15897144,16750,38,8,0
S_79358392,16747,38,8,0
S_75761560,16746,39,8,0
S_160187363,16746,39,8,0
S_88337925,16744,39,8,0
S_58398105,16741,38,8,0
S_62594849,16741,38,8,0
S_112887835,16741,39,8,0
S_117683402,16738,39,8,0
S_5423421,16737,39,8,0
S_625327,16737,39,8,0
S_165571202,16734,39,8,0
S_103310819,16734,39,8,0
S_54208812,16734,39,8,0
S_69175299,16733,39,8,0
S_35019050,16730,17,5,1
S_93720816,16730,39,8,0
S_83540398,16729,38,8,0
S_69775804,16728,39,8,0
S_67380575,16728,39,8,0
S_141023408,16727,39,8,0
S_69178723,16723,39,8,0
S_97916744,16722,39,8,0
S_115884652,16718,38,8,0
S_22483037,16716,39,8,0
S_123664179,16708,39,8,0
S_161983912,16706,40,8,0
S_84145009,16703,39,8,0
S_64388726,16700,38,8,0
S_4227243,16699,39,8,0
S_36817896,16697,1,2,5
S_35650373,16693,39,8,0
S_17096843,16686,38,8,0
S_76963914,16684,39,8,0
S_73365884,16682,39,8,0
S_159589808,16681,39,8,0
S_15297788,16677,39,8,0
S_157792906,16673,39,8,0
S_79357782,16673,39,8,0
S_31461753,16671,39,8,0
S_148810160,16667,39,8,0
S_64390216,16666,38,8,0
S_60789131,16666,2,3,1
S_97315728,16663,38,8,0
S_5422930,16656,40,8,0
S_6622817,16649,38,8,0
S_132645976,16646,39,8,0
S_26667940,16645,39,8,0
S_7217474,16645,39,8,0
S_111085348,16643,38,8,0
S_147012484,16639,39,8,0
S_47029573,16638,38,8,0
S_111687522,16633,38,8,0
S_111687247,16633,39,8,0
S_127256615,16633,38,8,0
S_145820614,16631,40,8,0
S_24277683,16628,39,8,0
S_123066378,16625,38,8,0
S_65585582,16623,38,8,0
S_10212608,16618,39,8,0
S_141020498,16618,39,8,0
S_41625218,16608,1,3,1
S_61396890,16608,39,8,0
S_18893940,16606,39,8,0
S_33853590,16605,39,8,0
S_32057131,16603,39,8,0
S_43434017,16603,39,8,0
S_114686197,16597,40,8,0
S_47624977,16596,39,8,0
S_44034511,16595,39,8,0
S_50617227,16595,39,8,0
S_138029210,16595,38,8,0
S_72167201,16591,38,8,0
S_107497081,16591,40,8,0
S_145816937,16590,39,8,0
S_124862143,16590,39,8,0
S_53608465,16589,39,8,0
S_106299411,16587,40,8,0
S_18298454,16585,38,8,0
S_135638518,16583,38,8,0
S_153594709,16581,38,8,0
S_33851527,16577,39,8,0
S_93721672,16573,38,8,0
S_91330175,16570,38,8,0
S_79356241,16568,38,8,0
S_90130873,16564,38,8,0
S_94919490,16562,39,8,0
S_137429096,16562,39,8,0
S_101513136,16560,38,8,0
S_7218141,16559,39,8,0
S_1232110,16558,39,8,0
S_107497996,16557,39,8,0
S_14701022,16553,38,8,0
S_42836120,16549,38,8,0
S_68576659,16547,39,8,0
S_44031166,16544,39,8,0
S_44632519,16543,38,8,0
S_7216438,16539,40,8,0
S_28466390,16535,39,8,0
S_56001506,16521,39,8,0
S_106899448,16520,39,8,0
S_33851397,16519,39,8,0
S_24280587,16519,39,8,0
S_38047488,16519,39,8,0
S_75765621,16515,39,8,0
S_115281897,16515,38,8,0
S_95520759,16510,39,8,0
S_49416642,16504,40,8,0
S_32060447,16501,39,8,0
S_163178332,16500,39,8,0
S_131452015,16500,38,8,0
S_13203613,16497,39,8,0
S_130821650,16497,2,3,2
S_3026720,16495,39,8,0
S_164376768,16494,39,8,0
S_41637437,16491,39,8,0
S_112284833,16490,38,8,0
S_1825331,16490,39,8,0
S_41039664,16489,39,8,0
S_151801349,16488,38,8,0
S_145816271,16487,39,8,0
S_84139643,16485,38,8,0
S_165570201,16483,39,8,0
S_138026971,16480,39,8,0
S_72168158,16479,39,8,0
S_80553884,16475,38,8,0
S_81150672,16474,39,8,0
S_28434808,16471,1,2,1
S_41636580,16465,38,8,0
S_67978959,16463,39,8,0
S_36846841,16462,39,8,0
S_99716993,16459,39,8,0
S_84141558,16458,40,8,0
S_33663,16456,37,8,0
S_117084479,16455,39,8,0
S_14102342,16454,39,8,0
S_164979278,16453,38,8,0
S_72169128,16451,38,8,0
S_1831520,16447,39,8,0
S_30056,16446,39,8,0
S_30862734,16442,40,8,0
S_44032374,16442,38,8,0
S_115285955,16442,39,8,0
S_108094129,16434,39,8,0
S_54206337,16430,39,8,0
S_121273228,16429,39,8,0
S_130250036,16428,39,8,0
S_41638195,16427,38,8,0
S_119474979,16426,38,8,0
S_26672312,16425,39,8,0
S_45828248,16421,38,8,0
S_164380457,16415,39,8,0
S_93723111,16413,39,8,0
S_158390246,16411,40,8,0
S_149408996,16411,39,8,0
S_16497116,16411,39,8,0
S_162580251,16411,39,8,0
S_111085585,16410,39,8,0
S_120678097,16409,39,8,0
S_94923135,16405,39,8,0
S_49422655,16405,38,8,0
S_51216574,16404,39,8,0
S_135040538,16399,38,8,0
S_145817065,16399,38,8,0
S_161386717,16396,39,8,0
S_76962580,16394,39,8,0
S_60195447,16392,38,8,0
S_93722682,16390,38,8,0
S_98512852,16387,39,8,0
S_132045818,16385,38,8,0
S_126057594,16379,39,8,0
S_141625997,16379,38,8,0
S_29666270,16376,39,8,0
S_144024365,16374,38,8,0
S_13203528,16373,39,8,0
S_162584338,16369,39,8,0
S_51220015,16369,40,8,0
S_109890747,16368,39,8,0
S_84142884,16367,38,8,0
S_41040950,16366,39,8,0
S_79956845,16363,39,8,0
S_629527,16362,40,8,0
S_19490080,16362,39,8,0
S_72770971,16362,39,8,0
S_99716979,16361,38,8,0
S_127855506,16354,39,8,0
S_49422671,16354,38,8,0
S_79356151,16350,38,8,0
S_64988053,16347,37,8,0
S_155994501,16347,39,8,0
S_108694419,16345,38,8,0
S_94920334,16344,39,8,0
S_161385120,16340,39,8,0
S_109888391,16340,39,8,0
S_62595755,16329,39,8,0
S_51216916,16328,39,8,0
S_62592349,16324,38,8,0
S_92527956,16323,38,8,0
S_23080992,16323,39,8,0
S_137429909,16321,38,8,0
S_128457444,16319,39,8,0
S_129058019,16319,39,8,0
S_24277601,16319,39,8,0
S_63193620,16319,39,8,0
S_141022315,16318,38,8,0
S_165572242,16317,39,8,0
S_103904325,16312,39,8,0
S_53011542,16312,38,8,0
S_82945672,16309,39,8,0
S_20091042,16304,38,8,0
S_123665867,16300,38,8,0
S_66786135,16296,38,8,0
S_137433202,16296,39,8,0
S_20692012,16294,39,8,0
S_157190197,16293,39,8,0
S_43433955,16292,40,8,0
S_51219457,16291,39,8,0
S_89533733,16288,38,8,0
S_141621081,16286,39,8,0
S_114088826,16285,38,8,0
S_19492076,16277,39,8,0
S_114684888,16275,39,8,0
S_7819168,16271,39,8,0
S_107498856,16267,39,8,0
S_121273640,16259,39,8,0
S_1230972,16258,38,8,0
S_84742322,16256,39,8,0
S_164371732,16256,39,8,0
S_90729357,16256,39,8,0
S_2431642,16254,39,8,0
S_21289999,16252,38,8,0
S_50617246,16252,39,8,0
S_47029058,16251,39,8,0
S_132051573,16248,38,8,0
S_101512447,16247,38,8,0
S_160785511,16246,39,8,0
S_111085678,16243,39,8,0
S_77558773,16238,39,8,0
S_112287501,16237,38,8,0
S_160784054,16235,38,8,0
S_48790924,16234,1,2,1
S_81149641,16233,39,8,0
S_157189355,16233,38,8,0
S_12575507,16232,1,4,5
S_61994942,16228,40,8,0
S_136831963,16224,38,8,0
S_97316964,16221,39,8,0
S_57802675,16220,39,8,0
S_75166088,16218,38,8,0
S_15896052,16215,37,8,0
S_50619533,16214,39,8,0
S_42836746,16213,39,8,0
S_163180095,16213,39,8,0
S_85939916,16213,38,8,0
S_154187058,16213,39,8,0
S_9011802,16208,40,8,0
S_93723512,16207,39,8,0
S_63787488,16207,39,8,0
S_117684086,16203,38,8,0
S_82943516,16203,39,8,0
S_13783737,16198,38,8,0
S_40441373,16197,39,8,0
S_79353460,16193,39,8,0
S_111683921,16193,39,8,0
S_21886267,16192,39,8,0
S_117082383,16192,39,8,0
S_25474355,16190,39,8,0
S_18895598,16190,39,8,0
S_151802579,16190,38,8,0
S_152994549,16188,39,8,0
S_32657115,16185,39,8,0
S_74566070,16184,39,8,0
S_53010373,16183,39,8,0
S_44631901,16183,39,8,0
S_87135900,16183,38,8,0
S_37449492,16183,38,8,0
S_34453096,16183,39,8,0
S_42835190,16182,39,8,0
S_33256835,16180,38,8,0
S_6024245,16178,39,8,0
S_22485239,16178,38,8,0
S_71569365,16174,39,8,0
S_63789053,16174,39,8,0
S_161385527,16173,38,8,0
S_4226698,16170,38,8,0
S_29666802,16170,39,8,0
S_18295078,16165,38,8,0
S_21884410,16165,38,8,0
S_136835638,16163,39,8,0
S_37449509,16162,39,8,0
S_135637763,16158,39,8,0
S_144623045,16157,39,8,0
S_94315971,16153,40,8,0
S_162583123,16153,38,8,0
S_58399506,16152,38,8,0
S_139821965,16152,39,8,0
S_80551153,16148,39,8,0
S_135040385,16136,40,8,0
S_60196927,16135,40,8,0
S_127260705,16134,38,8,0
S_153000094,16133,39,8,0
S_72167676,16131,40,8,0
S_81752219,16127,39,8,0
S_46427228,16125,39,8,0
S_137428776,16122,38,8,0
S_91331245,16120,38,8,0
S_13205495,16117,39,8,0
S_136832849,16115,39,8,0
S_77560382,16110,39,8,0
S_9611444,16109,39,8,0
S_132646469,16097,39,8,0
S_151200786,16095,39,8,0
S_62596462,16094,39,8,0
S_88936215,16091,38,8,0
S_13785319,16091,38,8,0
S_133247095,16086,39,8,0
S_77557298,16084,39,8,0
S_78158582,16072,39,8,0
S_82346241,16070,38,8,0
S_73965379,16070,39,8,0
S_48817810,16069,39,8,0
S_80438740,16066,1,3,5
S_42234968,16064,38,8,0
S_119479347,16062,39,8,0
S_154191314,16061,39,8,0
S_150606124,16061,39,8,0
S_11406140,16061,38,8,0
S_157789260,16058,38,8,0
S_60195881,16052,39,8,0
S_130849558,16051,40,8,0
S_2428135,16050,39,8,0
S_39242866,16047,38,8,0
S_45827692,16047,38,8,0
S_94922479,16038,38,8,0
S_99115558,16036,38,8,0
S_62592054,16035,38,8,0
S_69767071,16025,39,8,0
S_10809307,16021,39,8,0
S_72172826,16021,38,8,0
S_30859157,16019,39,8,0
S_123071171,16019,38,8,0
S_54205779,16013,38,8,0
S_39843373,16009,39,8,0
S_81746638,16009,38,8,0
S_130853944,16007,38,8,0
S_61394116,16005,38,8,0
S_131449874,16002,40,8,0
S_41634006,16002,39,8,0
S_47624751,16000,39,8,0
S_34483,15994,39,8,0
S_72770295,15990,39,8,0
S_95520690,15986,38,8,0
S_72171483,15981,39,8,0
S_136833456,15979,38,8,0
S_164378013,15976,37,8,0
S_20687629,15976,39,8,0
S_60798179,15976,37,8,0
S_92522202,15976,38,8,0
S_10214920,15974,39,8,0
S_6620855,15973,39,8,0
S_17096725,15971,38,8,0
S_165570969,15970,39,8,0
S_74566629,15966,39,8,0
S_158988369,15965,38,8,0
S_159581876,15959,41,8,0
S_26669788,15955,38,8,0
S_44035200,15953,39,8,0
S_158392596,15948,39,8,0
S_154683771,15945,2,3,1
S_18895711,15940,38,8,0
S_105704449,15936,38,8,0
S_141625255,15924,38,8,0
S_114683776,15923,39,8,0
S_63790294,15923,40,8,0
S_96119463,15921,40,8,0
S_121870332,15919,39,8,0
S_42233469,15915,38,8,0
S_23083314,15911,39,8,0
S_99711334,15910,38,8,0
S_156591690,15907,39,8,0
S_61992259,15906,39,8,0
S_65583234,15900,40,8,0
S_102710452,15898,39,8,0
S_53609895,15893,38,8,0
S_24876131,15893,39,8,0
S_63185093,15890,3,3,1
S_63788332,15887,40,8,0
S_32656013,15887,38,8,0
S_69175228,15886,39,8,0
S_136832333,15885,38,8,0
S_155391692,15876,38,8,0
S_72168048,15875,39,8,0
S_69176012,15871,39,8,0
S_148808618,15869,39,8,0
S_39841201,15864,39,8,0
S_158393872,15857,38,8,0
S_36250363,15835,38,8,0
S_149406146,15834,39,8,0
S_10812722,15832,38,8,0
S_160185797,15831,39,8,0
S_3626607,15831,39,8,0
S_124861567,15831,39,8,0
S_88337980,15823,39,8,0
S_79953634,15823,39,8,0
S_85941711,15816,38,8,0
S_109291420,15816,39,8,0
S_72771001,15816,39,8,0
S_76359076,15813,39,8,0
S_100316440,15810,39,8,0
S_3629312,15809,39,8,0
S_111087457,15808,38,8,0
S_123668467,15803,39,8,0
S_145217833,15798,39,8,0
S_37446870,15798,39,8,0
S_102711694,15795,39,8,0
S_121871900,15795,38,8,0
S_133845431,15787,40,8,0
S_155395169,15785,38,8,0
S_138027436,15781,38,8,0
S_25474436,15774,39,8,0
S_59600472,15774,38,8,0
S_55402155,15772,38,8,0
S_68577236,15772,39,8,0
S_118278518,15771,38,8,0
S_24275767,15767,39,8,0
S_21886694,15752,38,8,0
S_99713904,15752,38,8,0
S_19490933,15752,40,8,0
S_158989307,15751,38,8,0
S_14098170,15750,39,8,0
S_60198332,15747,39,8,0
S_164944630,15744,1,2,5
S_29062657,15744,38,8,0
S_115283812,15744,37,8,0
S_139225946,15742,39,8,0
S_39838986,15736,38,8,0
S_52415321,15734,39,8,0
S_154794260,15722,39,8,0
S_127854431,15721,38,8,0
S_83541264,15720,39,8,0
S_32061806,15717,39,8,0
S_137432604,15714,38,8,0
S_15896611,15708,39,8,0
S_165573247,15708,39,8,0
S_71573360,15694,39,8,0
S_55991331,15686,1,3,1
S_100315674,15684,39,8,0
S_55396606,15680,4,3,1
S_77559164,15671,39,8,0
S_1828553,15669,39,8,0
S_165573782,15662,38,8,0
S_129057277,15652,39,8,0
S_24279461,15644,39,8,0
S_164377019,15643,38,8,0
S_57798318,15640,39,8,0
S_11412592,15635,39,8,0
S_33254590,15627,38,8,0
S_129653212,15626,39,8,0
S_97312432,15621,38,8,0
S_99712302,15614,38,8,0
S_119478741,15610,38,8,0
S_135639870,15600,39,8,0
S_13203373,15599,38,8,0
S_23085023,15598,39,8,0
S_32660699,15598,39,8,0
S_72769009,15592,38,8,0
S_132038066,15591,2,3,5
S_161984375,15584,38,8,0
S_2427585,15582,39,8,0
S_14688473,15576,5,6,1
S_115883272,15575,38,8,0
S_126056482,15574,39,8,0
S_60797737,15570,39,8,0
S_88334360,15568,39,8,0
S_144621447,15567,38,8,0
S_165573618,15566,39,8,0
S_129053915,15563,38,8,0
S_27272431,15555,40,8,0
S_139823473,15552,40,8,0
S_114685188,15547,38,8,0
S_150606927,15547,39,8,0
S_148809976,15544,39,8,0
S_58999546,15534,40,8,0
S_56001895,15530,39,8,0
S_30860780,15524,39,8,0
S_96116984,15517,39,8,0
S_4223511,15517,40,8,0
S_62593461,15512,39,8,0
S_13204807,15510,38,8,0
S_4792704,15507,7,3,1
S_161385353,15485,39,8,0
S_90729280,15480,40,8,0
S_14697053,15478,39,8,0
S_136235476,15473,38,8,0
S_151801380,15447,38,8,0
S_145820617,15430,40,8,0
S_73968152,15429,39,8,0
S_18297952,15416,39,8,0
S_153593566,15412,39,8,0
S_88337141,15411,39,8,0
S_86539221,15393,38,8,0
S_120073914,15389,38,8,0
S_90130306,15382,39,8,0
S_147016725,15368,39,8,0
S_81152778,15360,38,8,0
S_19495635,15357,38,8,0
S_4226355,15354,38,8,0
S_135037760,15338,39,8,0
S_111084177,15319,39,8,0
S_61398218,15309,38,8,0
S_34423092,15305,2,4,2
S_70341266,15295,2,3,1
S_120074777,15287,39,8,0
S_109889562,15284,39,8,0
S_9614332,15283,39,8,0
S_84143767,15283,39,8,0
S_155396395,15283,40,8,0
S_9582776,15279,1,2,1
S_38642185,15264,38,8,0
S_14700329,15247,39,8,0
S_73970261,15247,38,8,0
S_135638586,15245,39,8,0
S_49409654,15244,181,4,1
S_139826452,15243,38,8,0
S_147013104,15239,38,8,0
S_129055046,15189,40,8,0
S_53602871,15172,1,3,1
S_16495635,15152,40,8,0
S_35651779,15130,38,8,0
S_35050611,15076,39,8,0
S_147616095,15073,38,8,0
S_134444943,15067,39,8,0
S_44630269,15024,39,8,0
S_161384112,15018,39,8,0
S_140421290,15012,39,8,0
S_99112127,15008,38,8,0
S_149407234,15008,38,8,0
S_75130744,14988,2,3,1
S_154794837,14984,39,8,0
S_108684358,14958,5,5,2
S_141622879,14957,39,8,0
S_101477585,14934,1,5,5
S_53011776,14933,39,8,0
S_35055289,14873,38,8,0
S_98513948,14845,39,8,0
S_76363032,14837,39,8,0
S_133244394,14820,38,8,0
S_164976411,14718,39,8,0
S_26670886,14685,39,8,0
S_64986619,14645,39,8,0
S_81633957,14592,1,4,1
S_132049313,14566,39,8,0
S_62583433,14555,6,8,2
S_66783593,14489,39,8,0
S_47628203,14474,39,8,0
S_115276682,14464,1,3,1
S_157048433,14439,1,3,2
S_67361210,14426,2,4,5
S_45795213,14387,4,3,5
S_132644323,14381,39,8,0
S_83508288,14294,3,4,5
S_124825871,14269,258,3,1
S_27267311,14190,40,8,0
S_66784595,14183,38,8,0
S_126027232,14166,1,2,1
S_121241442,14131,7,3,1
S_106902577,14126,39,8,0
S_45219191,13877,1,3,1
S_73935147,13824,2,3,1
S_60195135,13815,39,8,0
S_24843868,13799,2,7,2
S_21886303,13683,38,8,0
S_152394661,13599,39,8,0
S_60798082,13598,4,4,2
S_3028847,13596,39,8,0
S_126059064,13493,4,4,2
S_166139152,13470,3,3,5
S_152376382,13413,2,6,5
S_96685457,13351,1,4,2
S_133813032,13347,1,2,5
S_44630295,13233,4,4,2
S_145209407,13204,3,5,2
S_8384776,13200,4,5,1
S_48221007,13171,4,4,2
S_157191339,13105,4,4,2
S_145787133,13095,2,6,5
S_161981699,13032,4,4,2
S_147016256,13028,4,4,2
S_16497483,13019,4,4,2
S_100902177,13012,1,3,1
S_148807632,13011,4,4,2
S_111684133,12994,4,4,2
S_54806068,12972,4,4,2
S_88335588,12958,4,4,2
S_127256556,12936,4,4,2
S_74565767,12910,4,4,2
S_29064536,12897,4,4,2
S_15299126,12897,4,4,2
S_75129597,12891,1,4,5
S_6587869,12881,2,4,5
S_64390313,12876,4,4,2
S_138624934,12866,4,4,2
S_99710688,12852,4,4,2
S_159590290,12806,4,4,2
S_6020598,12802,4,4,2
S_115283238,12800,4,4,2
S_87736265,12799,4,4,2
S_42823879,12792,10,7,5
S_104473903,12736,1,3,1
S_135040211,12733,4,4,2
S_6622160,12700,4,4,2
S_32060078,12696,4,4,2
S_72167107,12685,4,4,2
S_33257293,12684,4,4,2
S_21886288,12681,4,4,2
S_96716882,12678,4,4,2
S_142220798,12674,4,4,2
S_91927395,12663,4,4,2
S_109892317,12640,4,4,2
S_139226169,12628,4,4,2
S_48224748,12608,4,4,2
S_20689426,12595,4,4,2
S_127825074,12571,1,3,1
S_96715428,12566,4,4,2
S_29463,12545,4,4,2
S_155394428,12540,4,4,2
S_139822670,12532,4,4,2
S_111084025,12447,4,4,2
S_66182613,12443,4,4,2
S_99680464,12429,1,4,2
S_56598639,12428,4,4,2
S_6622237,12412,4,4,2
S_47623349,12390,4,4,2
S_100312185,12372,4,4,2
S_47622950,12370,4,4,2
S_36847347,12364,4,4,2
S_20690527,12364,4,4,2
S_2428035,12358,4,4,2
S_26669349,12356,4,4,2
S_151800873,12338,4,4,2
S_161353509,12271,1,2,1
S_61387941,12255,1,3,1
S_140391319,12243,605,3,1
S_88913321,12171,4,8,5
S_67950635,11840,1,4,5
S_18264869,11788,1,5,5
S_41602550,11785,2,3,5
S_77526866,11688,4,3,1
S_44620130,11583,12,12,2
S_105692264,11576,49,10,2
S_3596077,11559,36,3,1
S_95489329,11403,1,4,5
S_55970208,11274,1,2,5
S_95509298,11156,2,5,1
S_35048547,10827,11,6,4
S_29653067,10796,4,4,2
S_8409185,10730,1,3,1
S_58367691,10686,1,4,5
S_118167343,10297,1,3,2
S_132626206,10294,24,15,1
S_23051974,10094,1,3,5
S_127227316,10037,1,3,2
S_107465189,10035,163,51,1
S_107466748,9878,2,5,2
S_162551428,9708,2,5,5
S_132639282,9560,1,3,1
S_153584695,9421,5,6,2
S_2399283,9371,31,10,1
S_129796703,9328,1,3,5
S_70965305,8907,4,8,2
S_70342821,8870,1,3,1
S_94889092,8708,16,18,5
S_43402756,8705,1,2,1
S_117649253,8629,16,18,5
S_161912188,8552,1,3,2
S_82316115,8372,1,2,1
S_10780378,8341,1,3,1
S_130841689,8278,2,7,2
S_7186129,8247,1,3,2
S_63757600,8201,1,3,2
S_107489389,8193,2,4,5
S_80522227,8077,1,4,2
S_141013292,8056,8,5,2
S_46341404,8043,9,10,1
S_126027233,7965,1,2,1
S_46397574,7941,1,6,2
S_8301393,7824,1,2,1
S_57789661,7798,279,19,1
S_120066330,7794,5,9,1
S_99683210,7694,1,3,2
S_111075180,7607,2,7,1
S_99681215,7441,5,5,1
S_135031466,7184,2,4,1
S_52382165,7122,2,4,2
S_89523620,7080,2,6,2
S_84108377,6864,2,3,5
S_23072069,6752,7,13,1
S_38015286,6682,8,5,2
S_85329449,6651,2,7,2
S_145208876,6614,3,4,1
S_3607671,6472,5,5,5
S_98493745,6467,2,5,2
S_32627152,6459,4,5,1
S_147602874,6442,2,3,1
S_24135041,6407,1,3,1
S_91318273,6354,3,4,2
S_24267531,6345,3,5,2
S_44002176,6241,1,3,2
S_35021817,6177,1,3,1
S_102099800,6166,1,4,2
S_132017984,5996,1,3,5
S_47614597,5882,6,5,2
S_84709974,5583,1,3,1
S_93093608,5560,37,31,1
S_21874700,5489,5,4,2
S_94910923,5432,8,4,1
S_125448053,5417,14,9,2
S_40409066,5305,1,4,2
S_53001886,5101,2,5,1
S_88315201,5013,4,4,2
S_106290643,4824,7,4,1
S_3018549,4800,1,3,2
S_92517063,4666,1,4,2
S_144011467,4357,1,3,1
S_120644936,4308,1,3,1
S_34459003,4287,17,6,5
S_56485595,4247,2,3,1
S_48810752,4208,1,2,1
S_157184044,4040,3,5,2
S_19383468,4034,2,3,5
S_145208896,3984,235,15,2
S_131362631,3959,1,3,1
S_22488679,3905,20,7,2
S_79344759,3875,4,4,2
S_144590177,3825,40,17,1
S_137999274,3743,1,2,1
S_14088642,3650,3,4,1
S_20083159,3524,7,8,1
S_94311930,3434,6,5,2
S_108085158,3319,7,5,2
S_44543397,3283,72,74,5
S_93103248,3232,5,8,2
S_57792393,3200,93,20,1
S_106290644,3182,3,5,2
S_143906226,3067,2,4,1
S_151192017,3030,4,5,2
S_96108020,3008,3,5,2
S_149400285,2991,808,103,1
S_124252514,2886,16,8,1
S_7189015,2869,2,3,2
S_18285180,2790,2,7,1
S_38633896,2789,16,6,2
S_118249420,2773,1,5,1
S_158360416,2641,2,3,5
S_31449261,2596,1,2,1
S_129044868,2586,18,8,1
S_115873174,2460,73,17,2
S_64976369,2425,3,4,2
S_131416685,2406,2,4,5
S_113465301,2314,1,4,2
S_103277120,2291,10,22,5
S_145808389,2181,5,6,2
S_154762226,2105,3,4,5
S_90719107,2099,14,14,2
S_94291756,2087,822,104,1
S_102675391,1969,2,5,5
S_48192877,1952,3,8,2
S_150593868,1949,9,7,2
S_63780165,1831,234,12,2
S_55376480,1787,1,2,1
S_94910922,1778,3,4,2
S_78148172,1719,2,3,1
S_118868970,1677,2,4,2
S_94889063,1674,3,8,5
S_100283391,1591,1,4,2
S_148191231,1567,307,164,1
S_163147534,1518,12,5,1
S_154937630,1487,10,5,2
S_102698153,1485,3,3,2
S_117660817,1471,1,3,5
S_147603381,1444,2,5,2
S_26064487,1442,2,4,1
S_93113555,1441,9,8,1
S_46397566,1430,14,15,5
S_67371648,1379,15,9,2
S_130242706,1357,2,3,2
S_133215364,1330,3,8,2
S_36238830,1325,9,7,2
S_163150207,1320,2,5,5
S_75132354,1289,3,12,5
S_163769820,1257,3,3,2
S_152986399,1239,6,4,2
S_47016136,1227,2,4,2
S_163769794,1198,7,4,1
S_66773118,1183,3,3,2
S_163769826,1146,5,4,2
S_11999870,1142,1,3,1
S_144014222,1141,1,4,2
S_115273901,1113,4,6,5
S_161373726,1055,3,3,2
S_61973453,1044,30,22,1
S_72159228,1001,4,4,2
S_23072080,929,3,4,2
S_164946226,892,15,13,1
S_129538716,878,1,3,1
S_121265765,877,2,5,2
S_128450886,825,15,16,5
S_11997202,798,10,6,2
S_54775542,792,1,4,2
S_149397137,722,84,14,2
S_78747053,710,2,3,2
S_140412966,705,2,3,2
S_32647104,696,2,4,2
S_159473411,667,2,7,1
S_49988087,659,5,8,2
S_64976366,657,5,6,2
S_72758179,629,2,3,2
S_14088622,570,17,8,2
S_164966210,566,1,2,1
S_66773113,545,5,9,2
S_11399304,545,24,17,2
S_35019754,530,2,3,2
S_74554465,530,4,4,2
S_30850351,500,2,3,5
S_70339893,485,163,14,1
S_11378660,479,5,6,1
S_1589635,473,1,2,5
S_1823657,430,9,7,2
S_41625243,424,3,4,2
S_38633893,399,8,7,1
S_69180840,391,1,3,2
S_46397581,382,19,17,1
S_24247592,379,7,8,1
S_102102712,377,3,4,1
S_154172810,375,20,12,1
S_119467046,367,18,16,2
S_22455132,366,6,8,1
S_72526650,355,1,2,5
S_24267532,351,4,4,2
S_120665074,349,1,3,2
S_20658969,345,3,4,1
S_88325686,344,2,3,2
S_87127018,341,3,4,2
S_19405053,330,4,4,2
S_91318256,318,1,4,2
S_42223490,313,1,3,2
S_52392017,305,12,7,1
S_54177778,298,4,10,1
S_20679078,296,1,3,2
S_117670859,263,2,4,2
S_27860060,241,69,10,2
S_7209269,236,2,3,2
S_35041881,234,1,4,2
S_83534243,229,8,7,2
S_147605690,225,20,10,2
S_127846660,216,2,3,2
S_47594854,209,5,5,2
S_140412949,200,3,4,2
S_115852941,184,1,4,2
S_75152368,183,2,4,2
S_119444241,181,4,5,2
S_63162008,174,1,3,5
S_114654568,168,27,10,2
S_69169291,164,2,5,2
S_21798289,153,3,4,1
S_37962535,146,2,3,5
S_91896214,146,1,2,1
S_161952951,146,1,4,2
S_149996057,141,1,3,2
S_10202702,129,3,3,2
S_23072070,128,27,29,5
S_53579854,126,116,16,1
S_149975887,125,27,10,1
S_80522249,123,6,7,1
S_119362404,123,1,3,1
S_21864437,118,24,7,5
S_40407463,113,4,10,2
S_42994388,107,2,5,5
S_163769793,106,1,4,2
S_133215366,98,3,6,2
S_76329687,97,1,2,1
S_137399342,96,7,14,2
S_141016086,95,1,3,1
S_6610590,92,1,4,2
S_117673716,89,2,4,2
S_154785189,83,2,4,2
S_57189715,80,1,4,2
S_112875915,78,7,5,2
S_70365782,75,1,4,1
S_34443040,73,42,39,5
S_144011455,72,1,5,2
S_6589008,59,3,4,2
S_127826621,58,8,22,2
S_23072065,57,3,4,2
S_43422593,53,1,4,2
S_53001387,49,1,4,2
S_148201448,47,1,4,2
S_45196878,47,23,20,2
S_159558053,47,1,2,1
S_34943707,46,3,3,1
S_78126003,41,2,3,5
S_60766275,38,32,28,1
S_165562239,28,14,8,1
S_73956589,28,3,4,2
S_46319249,28,2,4,5
S_134409809,23,4,5,2
S_147004421,23,4,5,1
S_138033733,22,1,3,2
S_112875944,22,1,3,2
S_72738423,22,1,5,1
S_27259969,20,3,9,2
S_107466752,20,1,3,2
S_61387902,19,7,8,5
S_76354009,18,9,9,2
S_117650822,18,1,5,2
S_11401636,18,2,5,2
S_149012065,14,1,3,5
S_157161349,14,6,5,1
S_39810696,14,3,8,2
S_73360314,13,1,3,1
S_71560895,12,1,3,5
S_125450792,12,2,4,2
S_82913697,12,2,5,2
S_64966057,11,6,8,5
S_119469711,10,2,5,2
S_10803297,10,2,6,2
S_149897595,9,6,8,1
S_52416780,9,4,4,2
S_65402440,7,1,2,5
S_32025460,6,3,6,2
S_69156050,6,3,8,5
S_57803180,5,1,2,5
S_63196480,5,1,3,5
S_36817895,5,3,7,2
S_126647632,5,5,6,1
S_100882215,4,4,6,1
S_112644279,4,2,4,2
S_65553700,3,3,5,2
S_36840482,3,3,7,2
S_8300568,3,1,2,1
S_158981587,3,2,4,1
S_10182706,3,3,4,2
S_48800446,3,3,6,5
S_87105307,3,2,3,5
S_95523546,3,1,2,5
S_131447417,3,1,2,5
S_95278423,2,1,2,5
S_11412838,2,1,2,5
S_14687951,2,1,4,1
S_133162609,2,1,2,1
S_27181900,2,1,6,5
S_118846204,2,2,6,1
S_51209242,2,2,4,5
S_124826027,2,2,7,2
S_36840895,2,1,2,5
S_18263246,2,1,2,1
S_67385385,2,1,2,5
S_118284083,1,1,3,2
S_24874297,1,1,2,5
S_152386468,1,1,7,2
S_9011670,1,1,2,5
S_116485778,1,1,2,5
S_17454060,1,1,2,1
S_162939428,1,1,2,1
S_39833721,1,1,3,5
S_62583391,1,1,5,5
S_108698698,1,1,3,2
S_156470635,1,1,2,1
S_114443292,1,1,2,1
S_131453623,1,1,2,5
S_108698049,1,1,2,5
S_42203424,1,1,4,2
S_12011388,1,1,2,1
S_57203524,1,1,2,5
S_42813632,1,1,6,2
S_18779383,1,1,2,1
S_54810059,1,1,3,2
S_114682474,1,1,2,5
S_139218634,1,1,3,5
S_86994373,1,1,3,2
S_93728405,1,1,2,1
S_89292134,1,1,2,1
S_73371533,1,1,2,5
S_5780791,1,1,3,5
S_67312770,1,1,3,5
S_8175370,1,1,2,1
S_156570841,1,1,2,1
